,end,start,datasets-created,filters-created,datasets-deleted,rows-accessed-widget,rows-accessed-print,charts-created,rows-loaded-rss,rows-accessed-website,rows-created,maps-deleted,bytes-out,rows-loaded-download,rows-accessed-download,maps-created,rows-deleted,rows-loaded-print,disk-usage,view-loaded,rows-accessed-rss,charts-deleted,filters-deleted,page-views,users-created,bytes-in,rows-loaded-widget,rows-accessed-api,rows-loaded-api,rows-loaded-website
0,1357171199999,1357084800000,281,8,280,429,5,45,2633,3803,1285159,537,2424597680,695256,338,537,637316,9157,6945014079,420,73,45,5,1245,11,20088918,4118,71,4067,50398
1,1357257599999,1357171200000,37,25,38,212,4,55,5792,3025,2057247,38,3587227328,1745268,334,38,1031786,2381,6945489215,324,139,55,25,1073,11,14176851,2672,60,1063,65326
2,1357343999999,1357257600000,21,9,18,454,9,2,3361,3711,1037660,12,2454264033,776988,328,12,379344,21239,6945800511,371,81,2,9,1656,6,19659099,6579,29,43797,85480
3,1357430399999,1357344000000,20,11,23,55,4,46,2284,1534,1046307,25,2122377356,705344,315,25,662519,7923,6946906431,147,48,46,11,836,7,8722689,1222,32,12934,31873
4,1357516799999,1357430400000,23,11,22,161,6,46,2183,2389,1317344,12,2468714238,965829,334,12,654480,13574,6946758975,210,49,46,10,1156,6,12445928,2391,10,9,51547
5,1357603199999,1357516800000,19,27,19,136,10,46,3235,4312,1618535,25,3821421718,3044343,342,25,663539,33605,6947103039,426,68,46,28,1595,5,26400988,3232,17,17,100005
6,1357689599999,1357603200000,22,10,21,98,16,46,15355,2613,1239871,12,4126743925,2751786,351,12,646084,33650,6907429183,524,412,46,10,1760,9,16713929,2871,89,3670,55724
7,1357775999999,1357689600000,84,10,86,225,34,46,11173,3321,1482388,159,4605157386,5288278,510,169,779159,87300,6908404031,970,278,46,10,1667,14,16635578,2904,195,190,74437
8,1357862399999,1357776000000,311,15,311,307,5,46,1534,1779,2805391,612,3447535725,2005320,333,613,1403682,7195,6909387071,460,31,46,12,1868,13,11452310,3220,27,61967,41426
9,1357948799999,1357862400000,311,10,310,497,9,46,3866,2937,2956514,588,3787028122,2081858,336,588,1474512,8198,6908936511,335,81,46,10,1503,18,19537562,3425,1,0,84879
10,1358035199999,1357948800000,310,12,311,367,5,46,2660,1540,2847349,612,3384065973,1649743,325,612,1430301,18461,6911246655,161,59,46,12,874,4,9772893,3420,2,1,29744
11,1358121599999,1358035200000,311,10,310,334,3,46,1636,1093,2651607,588,3112622461,663174,310,588,1324101,6645,6911615295,149,38,46,10,811,8,6424582,3102,21,21584,21092
12,1358207999999,1358121600000,317,109,318,118,14,46,4518,3196,4556795,612,5740470633,913723,325,613,2279286,30878,6961217855,337,96,46,108,1574,8,15687292,3072,9,8,49848
13,1358294399999,1358208000000,311,26,310,320,8,46,3318,3767,2978408,586,4985484435,769580,331,587,1256716,17508,6992978239,362,69,46,26,1576,6,27345530,7006,4,4,91795
14,1358380799999,1358294400000,311,46,310,557,7,46,4593,4665,3263893,610,5969761095,2315969,350,610,1719151,20748,6972891455,508,95,46,46,1773,6,24586623,9317,18,26402,80402
15,1358467199999,1358380800000,310,10,310,174,9,46,3031,3891,3325133,588,4878417255,1367896,344,588,1342324,32894,6972981567,472,62,46,10,1929,6,18687969,2677,11,2325,51280
16,1358553599999,1358467200000,309,27,310,190,15,49,4734,3618,2909084,631,6873158921,1774554,344,630,1414424,46178,6821454143,603,98,49,27,2608,9,19829116,4096,-1,-1,49178
17,1358639999999,1358553600000,313,10,311,416,5,46,1810,3924,2771798,588,3087746414,1249229,333,589,1381784,16550,6823387455,243,37,46,10,1504,11,19746286,4444,5,4,40415
18,1358726399999,1358640000000,301,12,301,117,10,2,2721,2106,2330718,596,3047786452,968337,314,596,1036658,50162,6823125311,218,61,2,12,1119,8,10191961,1250,7,7,30350
19,1358812799999,1358726400000,309,7,308,188,13,45,1329,2438,1949301,576,3256644519,1948022,353,576,981480,52478,6823149887,335,27,45,7,1603,8,12298631,2923,-1,-1,30618
20,1358899199999,1358812800000,307,12,307,201,17,2,3967,1966,1852498,612,3149254391,1308447,370,612,907256,45376,6823158079,440,80,2,12,1648,8,12553673,7906,2,2,45275
21,1358985599999,1358899200000,310,11,310,419,12,48,2558,2433,2232433,588,3686861948,3198957,356,588,1251353,36759,6823354687,506,52,48,10,2055,5,17048712,6360,2,2,47490
22,1359071999999,1358985600000,310,13,311,502,16,46,2158,2343,2629763,612,5086285414,962503,305,612,1311508,52448,6823944511,468,44,46,13,1990,9,13597099,5903,7,20963,48264
23,1359158399999,1359072000000,311,10,310,346,9,46,3711,3131,2881273,588,3200826301,853315,219,590,1432971,29290,6824206655,553,78,46,10,2543,12,19209636,5747,8,57332,63224
24,1359244799999,1359158400000,325,16,326,128,12,46,1740,2294,3365379,617,3445089662,952609,324,617,1686538,38890,6824141119,215,41,46,16,1013,2,10844696,2058,5,47757,39585
25,1359331199999,1359244800000,320,13,319,203,5,46,3856,1752,3109730,579,3481458615,812898,332,581,1552124,21465,6824476991,304,85,46,13,1293,7,11318414,3082,41,49284,42804
26,1359417599999,1359331200000,323,16,323,484,9,46,1870,2162,2988954,618,4036732823,2072800,370,618,1486778,24461,6824550719,594,41,46,16,2494,5,16454774,9050,14,106795,55275
27,1359503999999,1359417600000,325,13,325,643,20,46,4103,2648,2985825,592,6071665212,2251831,366,592,1496446,73141,6825247039,499,87,46,13,2233,6,18900825,11595,7,266327,62084
28,1359590399999,1359504000000,323,16,323,412,16,46,1768,3753,3053245,616,4692162990,2123349,365,616,1516085,49718,6825771327,528,38,46,16,2522,8,20191624,6313,7,48638,74429
29,1359676799999,1359590400000,331,14,326,307,9,46,1545,4196,3266497,592,4588145932,2501732,353,592,1626785,26303,6832759103,541,33,46,14,2527,9,24977302,8198,9,26771,92717
30,1359763199999,1359676800000,329,30,326,151,12,49,1511,2580,3394965,634,5167639492,4246170,366,634,1691597,41630,5719433535,539,33,49,30,2206,13,16634302,4767,1,1,58952
31,1359849599999,1359763200000,327,10,324,254,5,45,2064,2355,3949595,581,4153901017,1072805,341,583,1402340,16665,5729747263,351,55,45,10,1679,8,16443351,2739,11,11,49943
32,1359935999999,1359849600000,309,13,311,135,5,46,1893,1872,2441906,615,3210455798,782404,328,615,1341985,8403,5733253439,220,46,46,13,1519,5,10912929,3757,5,5,34984
33,1360022399999,1359936000000,309,9,306,148,9,2,3896,1220,2692356,589,3861782942,1090250,347,589,948398,12176,5733310783,589,100,2,9,1841,11,6715122,2664,68,16730,27267
34,1360108799999,1360022400000,310,13,311,487,20,46,3547,3328,2843065,615,5132908083,1383170,350,615,1298402,33246,5733908799,729,93,46,13,2049,9,19939265,9157,70,65,72330
35,1360195199999,1360108800000,313,10,310,495,8,46,24040,4673,2670995,589,3737928353,1893104,360,590,1314019,11375,5733302591,580,500,46,10,2277,21,33928624,10183,55,2507,73087
36,1360281599999,1360195200000,309,28,311,153,5,49,40031,3411,2796471,632,5370363315,1188981,328,632,1392257,20096,6778350199,585,817,49,27,2333,10,22896480,2650,46,45,68299
37,1360367999999,1360281600000,300,5,298,336,6,45,41809,1618,2736888,587,4314598554,2148884,354,588,1320853,3632,6777965175,550,848,45,4,7816,8,13779989,6112,20,17,42969
38,1360454399999,1360368000000,307,12,307,55,6,2,3631,1624,2691451,617,3680255199,1593045,323,617,1098173,15399,6777834103,286,87,2,12,3324,3,8031698,2490,15,904,30648
39,1360540799999,1360454400000,309,10,310,190,12,46,3071,3400,2320927,589,3171289901,529828,315,589,1292956,21758,6777965175,233,73,46,10,1329,6,33620457,3641,8,7,33392
40,1360627199999,1360540800000,309,11,309,98,12,45,51275,3630,2044370,606,3414544423,904215,326,606,1012793,26316,6778325623,475,1031,45,10,2040,9,21414587,3991,16,16,71490
41,1360713599999,1360627200000,308,10,307,176,8,46,68327,5994,2554189,589,4354714376,2224277,351,591,1254218,6846,6778538615,648,1376,46,10,2406,12,29168070,4941,30,90892,80368
42,1360799999999,1360713600000,322,15,323,177,7,46,20924,4278,3025890,627,4168581969,1562580,345,628,1474671,23166,6825101943,618,420,46,16,2876,13,22418971,6277,7,68348,70457
43,1360886399999,1360800000000,326,52,328,75,7,46,35211,2655,4175905,631,5925376192,2222141,358,628,2119788,32369,6854576759,423,750,46,52,1847,5,13075054,2810,20,73730,38964
44,1360972799999,1360886400000,328,13,325,207,7,46,45073,2658,3393994,595,4082749775,836079,344,596,1687417,24160,6854756983,421,906,46,13,2120,12,15907012,5821,10,78114,68401
45,1361059199999,1360972800000,324,16,325,164,8,46,2885,996,3301360,624,3664236605,772419,320,625,1652822,35772,6855256695,254,61,46,16,1271,3,5394614,1920,8,49263,19611
46,1361145599999,1361059200000,304,13,303,150,10,46,2283,1985,3030105,550,3757621145,2409991,301,550,1508780,21031,6853823095,258,50,46,13,1268,2,9308042,3316,10,58588,22426
47,1361231999999,1361145600000,325,16,326,212,8,46,2415,1764,2954345,626,3950575505,2459761,336,626,1479708,34004,6853577335,344,53,46,16,2000,12,9295299,8044,11,60904,33415
48,1361318399999,1361232000000,326,16,325,181,7,46,47217,4846,2910816,594,4199915752,1829425,360,594,1445724,11893,6853913207,622,947,46,13,2596,7,26924607,4760,20,79268,96883
49,1361404799999,1361318400000,316,35,312,478,11,46,38549,4561,2772607,620,4267076886,1248543,350,624,1436966,33112,6853765751,698,774,46,33,3079,9,24721575,8038,15,480381,80364
50,1361491199999,1361404800000,311,72,309,292,8,46,30879,3917,3362926,584,7551839570,2356700,358,584,1922327,21943,6784043639,577,619,46,71,2338,4,23418648,4500,6,3543,76441
51,1361577599999,1361491200000,308,14,308,57,14,46,4667,3621,2579175,621,3770940233,1089116,409,621,1284581,32971,6783363703,450,98,46,14,2186,7,20836054,2297,2,71094,58840
52,1361663999999,1361577600000,309,10,308,503,5,45,1911,2296,2404683,576,3662968243,1470739,351,576,1080339,6628,6783044215,535,41,45,9,1903,8,12068353,5856,32,283159,35506
53,1361750399999,1361664000000,309,15,311,106,5,46,1763,1907,2289961,621,3377104120,1058130,324,621,1277913,13046,6783412855,209,38,46,15,1065,3,11475756,1805,43,176231,36384
54,1361836799999,1361750400000,306,6,303,144,14,45,3183,3393,2027654,578,5344163064,2986286,347,578,847348,27263,6782970487,547,71,45,6,2140,11,19550306,2788,4614,4065523,66071
55,1361923199999,1361836800000,308,15,311,81,9,46,2325,3143,2163048,621,3815860123,2146046,369,621,1247070,32396,6783781495,542,53,46,15,2141,15,18421813,2044,51,19905,60068
56,1362009599999,1361923200000,311,11,309,134,23,46,1828,1824,2505565,589,3559836000,805384,361,589,1241470,76463,6783773303,476,39,46,11,2083,8,11047671,3161,14,10880,40096
57,1362095999999,1362009600000,310,12,310,264,14,45,2000,2865,2434440,610,3339694408,912092,336,610,1097026,46093,6784371319,444,46,45,12,1755,8,18541910,5941,11,900,65614
58,1362182399999,1362096000000,310,11,310,164,19,46,2120,3118,2555399,589,3912970342,1833914,338,589,1399283,36051,6783814263,471,48,46,11,1939,5,18240296,3364,6,6,58689
59,1362268799999,1362182400000,308,12,307,49,8,45,2707,2736,2459404,611,3592626074,1600509,324,612,1099026,24039,6783896183,339,63,45,12,1509,11,14430580,2883,23,21,47211
60,1362355199999,1362268800000,308,8,308,68,11,45,3899,1509,2482064,576,3493099626,1543635,321,577,1121310,16103,6783584887,288,86,45,8,1334,6,10503159,3020,33,33,39253
61,1362441599999,1362355200000,309,26,308,617,15,46,2726,3572,2325608,622,4748129512,3950368,338,622,1283045,26844,6783249015,701,74,46,26,1979,12,22747682,10608,48,2819,83167
62,1362527999999,1362441600000,310,9,309,345,10,45,3151,2142,2464795,578,4237729871,1339554,336,578,1106376,26510,6783412855,587,84,45,8,2323,14,15881614,3849,43,253883,58224
63,1362614399999,1362528000000,308,16,308,165,76,46,12748,3156,3943151,623,6388812027,1321806,341,623,1428400,345416,6783273591,580,318,46,16,11357,16,18411168,3628,48,5720,62535
64,1362700799999,1362614400000,309,26,309,133,9,49,9622,3499,2984511,604,6738556692,1182884,332,604,1432311,21709,6834522743,623,237,49,26,10046,10,22039197,3503,10,1724,78359
65,1362787199999,1362700800000,310,19,311,99,11,46,4829,3601,3046356,623,4513143001,813421,329,623,1530157,20180,6573550199,536,102,46,17,3009,14,16324336,3212,20,1028,58419
66,1362873599999,1362787200000,311,14,310,27,10,46,6816,1721,2881043,589,3878199347,611840,317,590,1438585,24237,6573181559,279,166,46,12,2375,8,8282403,499,16,16,26515
67,1362959999999,1362873600000,310,16,311,49,4,46,3356,1579,2630039,623,3467683425,504677,304,623,1324500,7979,6573312631,269,69,46,16,1174,10,7604440,1194,5,4,29804
68,1363046399999,1362960000000,313,16,308,230,12,46,2480,2528,2480855,589,3412490473,625809,335,589,1235371,25617,6572673655,524,55,46,14,2184,10,15127064,4980,20,707,51738
69,1363132799999,1363046400000,307,34,308,199,13,46,2800,2321,2667452,713,4560407760,1793082,317,715,1288076,21875,6594185847,703,74,46,32,1981,12,11467784,3638,52,47,45096
70,1363219199999,1363132800000,326,21,325,330,11,46,9121,2816,3138984,630,4893810264,1175411,336,630,1544267,21723,6596242039,574,231,46,21,5981,6,15656088,3939,60,3201,43889
71,1363305599999,1363219200000,313,22,311,352,12,46,29907,2824,2770973,625,5976727523,1433100,334,625,1361547,39595,6596356727,634,844,46,20,32497,10,16309564,3594,79,5282,48759
72,1363391999999,1363305600000,310,37,310,187,6,46,2433,3265,3260303,623,6072041334,3554586,352,623,1447164,20598,6596340343,457,56,46,37,2216,10,17998624,2641,18,4012,56987
73,1363478399999,1363392000000,310,17,310,111,4,46,2006,2072,2832627,623,4001808214,761607,315,623,1398657,11603,6601296503,168,44,46,17,1671,5,10320107,3280,886,206429,23389
74,1363564799999,1363478400000,295,17,295,51,9,46,1251,3016,2649154,593,4088664234,1446025,291,593,1306835,29017,6601329271,244,26,46,17,1161,10,14105349,1464,6,4002,53103
75,1363651199999,1363564800000,311,18,311,76,19,46,2024,2112,2606129,625,4341109184,754632,344,625,1283176,59958,6602345079,411,43,46,17,2564,14,12594552,2071,4,1019,48795
76,1363737599999,1363651200000,313,18,312,319,14,46,1830,2269,2656138,625,4289521051,741548,333,626,1306422,36743,6604737143,449,41,46,18,1880,25,16966094,5113,5,1012,46785
77,1363823999999,1363737600000,326,22,326,279,13,46,2578,2871,3254796,636,4027183633,1390294,125,636,1599427,46959,6611298935,533,62,46,22,2398,10,15686442,3776,1,1000,50065
78,1363910399999,1363824000000,326,21,326,161,14,46,1555,2652,3409877,632,4109974930,937960,231,634,1694214,49575,6611012215,553,33,46,21,2602,9,14871496,7003,4,2002,50705
79,1363996799999,1363910400000,325,21,325,267,4,46,1412,5255,3559781,630,4252539393,2073752,342,630,1770777,12322,6611266167,321,30,46,21,2646,9,24797943,3002,1,1000,66790
80,1364083199999,1363996800000,315,21,315,59,13,46,1943,1975,3396672,610,3704654181,916534,311,610,1694992,47678,6610471543,178,41,46,21,1844,10,8668640,1045,1,1000,25001
81,1364169599999,1364083200000,326,21,326,567,13,46,954,1823,3219002,632,3658547657,887852,317,632,1606193,49365,6609832567,244,21,46,21,2270,6,11575239,5518,4,4,27658
82,1364255999999,1364169600000,310,21,310,364,12,46,1692,3485,2546733,623,3859304423,1082857,359,623,1271920,32553,6609742455,513,40,46,18,3086,15,18351506,4125,46,6111,64690
83,1364342399999,1364256000000,311,20,310,142,15,46,2390,3415,2589383,623,3578439973,1042238,380,623,1293729,35119,6610012791,518,55,46,18,3588,7,17055413,2474,11,1014,56011
84,1364428799999,1364342400000,288,12,285,77,16,-1,1281,3149,1311345,600,2566115121,1221551,324,600,647897,35253,6610299511,405,27,-1,9,2893,7,15769037,2880,4,1003,55192
85,1364515199999,1364428800000,312,18,311,147,9,47,1356,5406,2829876,623,4093942691,1539665,349,623,1414191,16014,6610709111,421,30,46,18,2282,6,27804128,3957,8,3017,108219
86,1364601599999,1364515200000,314,14,308,952,7,45,3227,5499,2491764,614,3466288870,1331749,376,614,1225615,15445,6611200631,546,70,45,14,3649,11,26182789,8367,14,1011,70899
87,1364687999999,1364601600000,310,18,311,250,13,46,3404,1416,2846787,626,3855616355,2459961,342,627,1428435,10088,6610725495,317,86,46,18,1818,9,7470220,2868,63,38510,25140
88,1364774399999,1364688000000,311,18,311,99,3,46,1203,1432,2680417,626,3928241215,2052200,350,626,1343014,8085,6610406007,298,27,46,18,1749,4,7126768,2337,54,26055,31484
89,1364860799999,1364774400000,323,23,313,430,19,47,1626,5444,2559021,624,4273078650,2273728,352,624,1279878,55943,6606998135,667,36,46,20,2557,7,32950639,11384,265,218070,74928
90,1364947199999,1364860800000,295,3,288,435,12,5,1747,5765,1295436,572,2421851805,792550,333,572,621038,36497,6677465719,681,43,4,3,2489,16,26846650,10373,143,115045,74834
91,1365033599999,1364947200000,276,1,276,567,12,-1,2202,7195,1267277,552,2515472897,1710579,335,553,631061,21910,6677809783,568,48,-1,-1,2659,10,35901356,14449,6,5340,103917
92,1365119999999,1365033600000,279,-1,276,189,12,-1,1901,6265,1405576,550,3040247498,2777788,382,550,698609,30927,6680676983,525,44,-1,-1,3671,6,30374715,4045,27,23022,112443
93,1365206399999,1365120000000,289,-1,289,266,9,-1,2169,3811,1568606,574,2902177229,2386586,334,574,785697,36701,6676089463,497,48,-1,-1,3091,5,18054244,3273,80,57865,66789
94,1365292799999,1365206400000,288,-1,288,260,10,-1,1590,5412,1449218,576,2815833507,2280495,334,576,727576,20814,6675655287,365,35,-1,-1,1845,5,28295136,2943,97,65883,96442
95,1365379199999,1365292800000,287,-1,287,43,8,-1,1312,1682,1255323,574,1982259240,893328,318,574,631431,25136,6675171959,243,28,-1,-1,2080,2,7773267,1087,112,88469,21384
96,1365465599999,1365379200000,287,-1,287,195,15,-1,1245,6360,1145229,575,2788294862,2447851,377,575,570230,60113,6675343991,632,30,-1,-1,3811,6,30726894,4351,37,29374,120046
97,1365551999999,1365465600000,308,3,302,133,21,-1,3439,6789,1772656,585,3048441081,1996290,357,585,873196,47548,-1,798,88,-1,3,4130,10,32278715,3781,48,9268,113694
98,1365638399999,1365552000000,306,6,303,84,8,-1,3080,6083,1830526,584,2929472024,1817591,333,584,901161,23719,-1,596,74,-1,6,3246,7,30438888,2073,29,917,86462
99,1365724799999,1365638400000,305,3,302,533,11,-1,3778,5606,2062442,582,3265702151,920503,332,586,977917,32594,-1,582,84,-1,3,7153,14,34792531,8386,9,5368,95491
100,1365811199999,1365724800000,305,3,303,301,10,-1,4587,7934,2144794,584,3664623468,2874378,364,584,1038391,35978,-1,676,117,-1,3,6173,9,40937573,5089,2,2,111246
101,1365897599999,1365811200000,303,4,301,251,12,-1,2441,1964,2003219,580,2890884262,1185397,327,580,947122,20145,-1,297,52,-1,3,2889,11,9344233,5387,-1,-1,31051
102,1365983999999,1365897600000,305,3,303,105,11,-1,939,2196,1907579,584,2164270892,933672,310,584,882318,24160,-1,235,20,-1,3,1798,14,10309887,2353,4,52670,28643
103,1366070399999,1365984000000,308,5,305,176,14,2,1106,5323,1793538,584,3127852725,3370432,352,584,825816,25227,6759320183,674,29,1,4,2826,15,23886446,3346,70,34506,76623
104,1366156799999,1366070400000,305,4,303,427,8,-1,972,6295,1887495,584,2822680866,920725,324,584,870314,23348,-1,688,22,-1,4,2647,41,30415417,9983,23,4019,115723
105,1366243199999,1366156800000,309,9,305,91,18,3,7158,8266,3560506,584,4942534272,941996,407,592,925580,52806,-1,724,147,3,7,4378,20,39536940,2355,8,6055,164410
106,1366329599999,1366243200000,293,9,290,350,7,1,4361,6851,1536743,578,3531230844,2485959,396,580,754055,20825,-1,673,93,1,1,3632,26,44269229,8357,2,1890,131310
107,1366415999999,1366329600000,290,-1,289,252,6,-1,1245,3608,1601974,576,3040775868,1826435,464,576,802961,16848,-1,531,30,-1,-1,4585,11,19384835,7761,2,58334,73033
108,1366502399999,1366416000000,263,-1,263,591,5,-1,5674,2342,1357397,526,2273905957,1285005,367,526,681583,7234,6783887991,273,138,-1,-1,7624,8,11121256,3751,117,320264,26438
109,1366588799999,1366502400000,277,-1,277,420,3,-1,4327,1962,1297455,554,1844207310,653862,291,555,651187,5107,-1,320,100,-1,-1,3992,10,9559690,3981,1,1000,28788
110,1366675199999,1366588800000,290,60,289,145,5,9,5068,5430,3539042,639,9608943742,2117923,331,642,1203160,11193,-1,523,111,9,60,6415,9,27368653,2264,4,2891,95271
111,1366761599999,1366675200000,291,22,291,175,8,3,2741,6153,2049085,597,5553505369,3634298,352,597,1228321,11452,-1,572,57,3,20,3327,9,29489877,4862,6,5981,103069
112,1366847999999,1366761600000,288,-1,288,558,6,-1,5002,8582,1366682,576,3106022189,2209043,356,576,681213,20885,-1,859,117,-1,-1,7880,21,44421373,9473,4,119,140927
113,1366934399999,1366848000000,285,-1,285,201,14,-1,4636,14694,1493918,570,2992228350,1765431,337,570,744107,17126,-1,667,106,-1,-1,5284,5,63059671,3895,6,7783,217543
114,1367020799999,1366934400000,288,-1,288,390,6,-1,1540,6750,1648461,576,2701501571,1472924,349,576,824640,10675,-1,522,34,-1,-1,3582,11,35931113,6904,5,883,119655
115,1367107199999,1367020800000,288,-1,288,171,4,-1,1180,2977,1566538,576,2132219584,978212,325,576,786389,10030,-1,272,29,-1,-1,3047,6,14708802,1444,12,6552,43509
116,1367193599999,1367107200000,288,-1,288,241,4,-1,2655,2504,1376831,576,2291956807,1204262,312,577,691793,15156,-1,314,66,-1,-1,2806,10,14029114,4905,29,9659,44849
117,1367279999999,1367193600000,288,-1,288,362,15,-1,2155,6030,1235741,576,2931903550,2506513,336,576,618252,49802,-1,667,48,-1,-1,3927,3,31353138,10712,39,23432,111889
118,1367366399999,1367280000000,287,-1,287,295,14,-1,721,17601,1235908,574,3244084566,2870159,372,574,617381,53522,-1,1108,15,-1,-1,4400,4,80763581,3610,12,4975,272019
119,1367452799999,1367366400000,288,1,288,381,17,-1,1036,5964,1299731,576,3771261053,3376933,347,576,646645,48835,-1,596,22,-1,-1,3313,8,29778197,3830,1,14,99772
120,1367539199999,1367452800000,286,-1,286,102,6,-1,1961,3908,1493362,572,2848976933,2858673,391,572,743271,16161,-1,462,48,-1,-1,2874,8,22968622,2991,1,1000,66244
121,1367625599999,1367539200000,289,11,288,364,10,-1,1262,3441,1634641,577,2893329186,1482962,348,577,815611,23653,-1,530,28,-1,11,2637,11,30563819,5675,75,76990,57922
122,1367711999999,1367625600000,288,-1,288,87,6,-1,500,1077,1634970,576,2304026912,829670,324,576,820046,15263,-1,192,10,-1,-1,1491,4,6724858,2646,54,25800,18734
123,1367798399999,1367712000000,288,1,288,177,10,-1,1029,1589,1500823,576,2585173884,2557400,355,576,753145,37702,-1,155,21,-1,-1,1904,2,6724103,2929,8,8385,15127
124,1367884799999,1367798400000,294,44,290,262,8,-1,1389,2620,1358743,580,2746312566,2982124,343,580,681496,31075,-1,381,31,-1,44,2262,17,15123887,8030,24,17872,49710
125,1367971199999,1367884800000,296,4,289,238,7,-1,961,5149,1740076,582,5136132351,2348319,391,581,738907,27293,-1,679,21,-1,1,3625,22,26734819,6073,26,4901,89032
126,1368057599999,1367971200000,311,17,306,153,12,47,1775,4979,2862790,587,3745775908,1394059,360,587,1428007,20692,-1,526,38,47,13,4070,13,26042618,5373,13,20542,77676
127,1368143999999,1368057600000,314,-1,293,366,8,-1,4694,1797,1734736,576,2793836565,2231747,345,577,863678,24498,-1,560,129,-1,-1,4409,10,10430334,4568,47,4604,40670
128,1368230399999,1368144000000,292,18,287,159,4,-1,1833,2119,1941821,715,3399677485,2335471,344,716,984175,7670,-1,470,43,-1,18,4324,14,11477155,4361,21,13023,41109
129,1368316799999,1368230400000,311,26,311,210,6,46,1659,1618,2987201,638,3872783447,1510850,342,638,1500756,21430,-1,448,42,46,24,3989,5,8238562,5295,1,1,22930
130,1368403199999,1368316800000,311,25,311,429,10,46,2564,1954,2772501,638,3691259938,1566038,314,638,1393409,36678,-1,262,58,46,25,3276,6,11065886,8652,11,11,27540
131,1368489599999,1368403200000,313,80,313,266,18,52,2045,3031,4818374,679,10942447998,1676565,339,679,2561675,24127,-1,917,50,52,80,3867,5,16061509,6667,106,102,69205
132,1368575999999,1368489600000,317,71,316,365,11,46,2484,3480,2609554,643,5474748573,2824546,362,642,1312039,14665,-1,668,59,46,69,5067,9,18336180,5303,77,76,71430
133,1368662399999,1368576000000,314,51,312,110,11,46,614,3012,3061260,641,4525354582,1822891,350,643,1590553,23162,-1,600,14,46,50,3092,18,16135505,3541,10,9,57278
134,1368748799999,1368662400000,318,37,312,263,9,46,1332,2795,3042984,639,3835028045,1111647,328,640,1472686,23310,-1,558,32,46,37,3085,13,14779930,3778,36,1741,57834
135,1368835199999,1368748800000,315,29,311,287,10,46,1404,2059,3986448,636,4750970976,1664800,329,636,1587420,21699,-1,490,37,46,29,2900,7,11478319,5161,37,38,44406
136,1368921599999,1368835200000,310,26,309,77,7,46,4177,983,3102369,634,3904478609,1466237,348,634,1550019,27167,-1,192,94,46,26,4438,4,4109744,1705,3,2001,13819
137,1369007999999,1368921600000,304,26,303,142,7,46,11071,1533,2869417,622,3772001942,1225112,831,622,1432589,9096,-1,218,307,46,26,9472,4,8016286,4048,4,4,16681
138,1369094399999,1369008000000,315,26,311,119,11,46,797,3838,2692721,638,3965152223,1625996,354,639,1339152,25881,-1,540,19,46,26,3180,16,20608729,2787,436,426578,46763
139,1369180799999,1369094400000,330,33,325,288,17,46,2780,4022,3238589,650,3825803381,1429497,328,650,1547131,54187,-1,724,67,46,34,4245,10,21787654,5496,193,165310,79861
140,1369267199999,1369180800000,307,37,306,108,7,48,17774,2542,3283589,647,5382773124,1298337,32,647,1795291,26480,-1,478,475,48,37,16034,15,12187828,3038,183,165301,41057
141,1369353599999,1369267200000,315,152,318,288,4,64,3418,2275,7007732,758,13354379481,2825927,37,759,5829814,3738,-1,416,76,64,152,8130,11,13368655,4742,28,6234,44715
142,1369439999999,1369353600000,312,47,312,234,1,49,4658,2204,3669438,659,5562466053,550868,21,659,2195868,5007,-1,469,150,49,47,11756,11,13854946,3402,31,3288,46537
143,1369526399999,1369440000000,312,47,312,84,1,49,1012,1274,3628884,659,4708006857,235473,18,659,2178328,4151,-1,211,22,49,47,3046,7,5695687,2891,20,23883,22839
144,1369612799999,1369526400000,311,47,311,136,3,49,1094,824,3460535,657,3893392104,442815,16,657,2105674,13849,-1,246,29,49,47,3819,3,4394982,2780,29,111953,18936
145,1369699199999,1369612800000,312,47,312,181,5,49,1394,1375,3298210,659,3893488574,1539074,28,659,2024942,15745,7049264820,228,32,49,47,3775,7,6388412,4021,29,83019,20984
146,1369785599999,1369699200000,314,50,313,284,2,49,605,2710,3154117,659,3876182269,1127527,29,659,1948415,1456,-1,511,19,49,50,3907,16,15817142,10602,28,14356,45840
147,1369871999999,1369785600000,312,49,312,244,3,49,4260,3090,3399571,661,3322248121,4034231,39,660,2070921,533,-1,451,130,49,47,9587,8,18211440,6557,26,120192,50369
148,1369958399999,1369872000000,233,47,232,706,1,49,2852,3215,3204377,500,3863068074,605768,14,500,1979929,5006,-1,458,70,49,47,8867,10,16410082,8261,7,1006,53841
149,1370044799999,1369958400000,27,51,24,217,-1,49,2169,4859,2177133,84,3670991947,954831,24,84,1469759,-1,-1,452,61,49,50,6720,17,23097085,2174,19,95624,59758
150,1370131199999,1370044800000,27,47,26,541,1,49,4870,990,2174191,85,6279571249,409961,9,86,1471309,7,-1,226,142,49,47,11762,21,6653771,3875,26,2023,16466
151,1370217599999,1370131200000,104,47,104,106,-1,49,246,1701,2514286,244,4072922749,2036336,28,244,1648357,-1,-1,192,7,49,47,1909,12,7339940,1688,30,4030,18953
152,1370303999999,1370217600000,308,50,307,647,4,61,150,2409,3343825,650,6162834285,6541208,31,652,2054340,6683,-1,746,3,49,47,3688,18,22445793,7745,13,2011,43472
153,1370390399999,1370304000000,312,47,312,601,-1,67,4902,2951,3467115,662,4387193432,1383763,14,664,2115544,-1,-1,1024,125,61,47,11932,6,20614984,2947,175,166293,53474
154,1370476799999,1370390400000,311,47,311,339,4,67,3583,3389,3643482,662,4449831997,1120647,45,662,2203397,7503,-1,570,116,67,47,18162,8,18422821,3585,75,97472,50841
155,1370563199999,1370476800000,311,47,311,112,9,67,997,3089,3795752,662,4526101078,961781,59,662,2280496,11904,-1,458,24,67,47,5552,4,15564421,2997,43,12142,36574
156,1370649599999,1370563200000,308,47,307,433,6,67,250,2248,3886128,660,2476936065,1957080,26,660,2329211,265,-1,376,5,67,47,4542,17,12241840,5467,3,3,38741
157,1370735999999,1370649600000,301,47,301,165,3,67,504,1836,3637415,648,6268880945,1055870,19,648,2208131,15036,-1,194,12,67,47,3294,6,8765861,5338,34,35296,20821
158,1370822399999,1370736000000,311,47,312,142,-1,67,300,1697,3416032,664,4512265146,2077132,20,664,2096506,-1,-1,230,6,67,47,5090,4,7541894,5365,9,3005,24190
159,1370908799999,1370822400000,315,52,312,237,8,67,659,3067,3320729,666,4920008146,2175956,29,667,2027178,32874,-1,475,17,67,52,7717,7,21623881,3001,50,49,48988
160,1370995199999,1370908800000,312,47,312,301,7,67,695,2824,3347186,665,4609614872,1297883,28,665,2058616,6063,-1,492,17,67,47,5620,10,13286295,7047,60,58737,40771
161,1371081599999,1370995200000,313,47,312,270,5,67,635,3513,4664382,665,4670725512,1178583,24,666,2082240,7588,-1,526,17,67,47,5436,7,16916064,5921,48,46,50606
162,1371167999999,1371081600000,311,68,311,403,10,70,546,3689,3911897,686,5783037390,482182,21,686,2954197,27564,-1,586,18,70,68,6054,5,19666837,6372,133,83936,79393
163,1371254399999,1371168000000,313,47,313,176,2,67,423,2232,3696252,665,3869058174,572406,18,665,2230682,9645,-1,500,10,67,47,4578,17,10784731,3362,22,21,38337
164,1371340799999,1371254400000,314,49,314,99,3,67,13708,1790,3523302,665,5014891425,344489,10,667,2146689,11375,-1,228,401,67,47,16656,13,7739555,2940,127,92777,19722
165,1371427199999,1371340800000,280,49,280,316,6,68,10277,1887,3220806,603,5963383010,217580,13,604,1995517,3439,-1,230,295,68,48,3603,8,10680885,5239,181,164324,24398
166,1371513599999,1371427200000,314,48,315,315,6,68,477,3215,3193608,668,4846572644,1266171,20,668,1982225,13231,-1,545,11,68,48,5425,25,17248628,6287,18,1322,57419
167,1371599999999,1371513600000,326,83,319,241,7,130,826,4942,4315073,673,5932022693,1196727,33,673,2502640,18397,-1,612,19,130,82,6190,11,27399113,4833,15,243,77176
168,1371686399999,1371600000000,311,51,312,169,1,68,450,3321,3308993,680,4722182975,1172084,21,681,2035785,5007,-1,409,9,68,51,5846,8,19671558,4323,169,196078,60561
169,1371772799999,1371686400000,319,54,321,206,2,68,700,2066,3582578,683,3950547592,652771,28,683,2160639,1346,-1,429,14,68,53,5758,6,12468905,5219,5,2003,38215
170,1371859199999,1371772800000,336,53,330,268,1,68,784,3441,4227059,679,5051228694,535848,21,679,2457417,5013,-1,582,27,68,53,7187,6,17790116,2988,24,21,48311
171,1371945599999,1371859200000,306,49,306,68,6,68,1691,1907,3413908,657,4756299751,774885,131,657,2093472,12787,-1,246,35,68,49,5794,11,6231965,3094,8,8,18685
172,1372031999999,1371945600000,312,49,312,263,4,68,1575,1169,3299687,669,5623307472,1598582,306,669,2037076,6783,-1,217,37,68,49,5696,21,6150904,3392,178,170499,17547
173,1372118399999,1372032000000,326,50,324,315,9,6,2172,3900,3418175,671,5608153046,1324314,338,671,1947099,25834,-1,424,51,6,50,8039,18,20057507,4827,176,165502,61770
174,1372204799999,1372118400000,359,61,351,461,11,68,700,3174,4630221,702,7427314042,2678419,516,703,2626646,37306,-1,410,14,68,60,8877,38,16702647,3856,209,1442813,47172
175,1372291199999,1372204800000,331,58,328,268,9,68,1538,4172,4119322,678,6069458492,2471852,673,678,2361569,15420,-1,554,33,68,55,8113,37,20940654,5021,177,172184,64262
176,1372377599999,1372291200000,328,33,325,215,6,64,956,3822,3440778,651,3734408390,4388950,467,651,1673354,21403,-1,521,24,64,33,7137,16,18029238,4594,34,27983,53573
177,1372463999999,1372377600000,327,33,325,258,2,64,879,2698,3592860,651,1143453113,1922571,344,652,1751213,5413,-1,303,18,64,33,6900,31,14495756,2845,32,26921,43339
178,1372550399999,1372464000000,326,32,324,511,4,64,750,1347,3644800,651,1078231484,1465650,325,651,1772482,15944,-1,268,15,64,32,7052,7,8262997,7400,20,18237,21238
179,1372636799999,1372550400000,326,32,325,206,9,64,783,614,3509368,651,1303034281,1970829,326,651,1718961,35555,-1,177,18,64,32,6720,5,3751964,3814,35,31232,13701
180,1372723199999,1372636800000,128,-1,128,738,9,-1,1208,2585,615454,256,1485716374,1681210,330,257,305228,40277,-1,568,28,-1,-1,9034,62,15277281,9138,183,78480,52418
181,1372809599999,1372723200000,303,7,302,283,5,-1,2579,2866,2169753,579,3474728412,2828608,343,580,1047437,17756,-1,420,58,-1,5,11414,21,16785609,5224,41,31926,52405
182,1372895999999,1372809600000,304,27,302,221,4,4,2189,1738,2989482,599,1538849315,2365457,331,599,1840859,6753,-1,465,46,4,26,13121,33,10593440,7454,47,98730,33927
183,1372982399999,1372896000000,304,26,304,132,4,4,757,1301,3104280,601,882959114,1014116,324,601,1927258,15817,-1,222,17,4,26,11420,10,6495962,1781,29,21237,24364
184,1373068799999,1372982400000,304,26,304,874,2,4,650,2500,3079067,601,1114869735,1694740,331,601,1925244,5901,-1,298,13,4,26,17745,11,14256390,8734,41,101997,51861
185,1373155199999,1373068800000,304,26,304,1001,-1,4,450,2246,2856772,601,1044361273,1209321,321,601,1816115,-1,-1,147,9,4,26,17369,30,10949698,11272,34,29811,25639
186,1373241599999,1373155200000,304,26,304,82,9,4,1319,1831,2630041,601,980911993,1003515,309,601,1702361,20406,-1,214,29,4,26,11287,13,7893825,1556,64,34174,25957
187,1373327999999,1373241600000,304,27,304,378,12,4,1511,5265,2500975,601,1737967296,3087608,358,601,1634872,26746,-1,496,34,4,26,17222,18,29876482,11297,214,231532,66433
188,1373414399999,1373328000000,305,28,306,150,19,4,1150,4005,2524304,601,8105119729,1833275,367,601,1728089,47143,-1,587,23,4,28,19425,14,19312138,3805,818,174469,60277
189,1373500799999,1373414400000,293,23,291,176,5,4,1533,3062,2235434,597,4054094864,1836011,330,597,1439296,10982,-1,541,36,4,23,12113,10,14589458,5494,104,46237,48596
190,1373587199999,1373500800000,301,27,303,537,13,4,1681,2462,2713856,599,2088568198,1130845,321,599,1801674,31025,-1,618,39,4,26,11813,5,13247449,5913,64,89617,38979
191,1373673599999,1373587200000,304,26,304,240,7,4,450,2023,3008927,602,5785608354,1394936,337,602,1892267,17629,-1,361,9,4,26,8611,6,11481641,3422,234,229205,37699
192,1373759999999,1373673600000,299,26,299,186,8,4,900,2030,2901926,592,1142620889,1400091,337,594,1841903,23132,-1,257,18,4,26,12931,9,12188552,2522,175,167171,38926
193,1373846399999,1373760000000,304,26,304,354,4,4,1158,1283,2851415,602,1156377743,1706171,373,602,1824905,9270,-1,322,24,4,26,10923,3,8254702,6600,174,166437,24198
194,1373932799999,1373846400000,309,30,306,289,13,4,1158,4090,2767226,602,2102185625,2043436,344,602,1778760,37128,-1,582,26,4,30,10735,5,18274508,6876,196,165598,49748
195,1374019199999,1373932800000,304,28,304,329,5,4,958,4133,2813374,602,6429875025,2437963,382,602,1804184,13863,-1,514,20,4,27,13904,10,18904887,4202,186,179249,65882
196,1374105599999,1374019200000,303,28,304,683,8,4,5568,2832,2824631,600,3936379626,1902696,353,601,1810735,14710,-1,520,141,4,28,6989,7,15444953,5666,64,52267,57292
197,1374191999999,1374105600000,309,36,305,428,6,4,700,4817,2969546,605,4449026962,3076074,340,605,1871187,12451,-1,503,14,4,36,11151,4,24298266,10096,177,233789,58084
198,1374278399999,1374192000000,316,48,306,845,2,27,679,3489,2973698,602,4111109708,1840445,370,602,1886226,4832,-1,992,14,21,42,9939,9,20939929,17785,174,296956,56447
199,1374364799999,1374278400000,304,27,304,102,6,4,450,1286,2825082,602,3664130147,1390790,330,602,1814366,18172,-1,190,9,4,27,4973,6,10131893,5566,176,234409,28972
200,1374451199999,1374364800000,294,27,294,364,15,4,200,4107,2631838,582,4531903087,993366,302,583,1718660,12855,-1,209,4,4,27,4979,2,22300357,6668,172,167875,47869
201,1374537599999,1374451200000,314,44,306,730,8,14,2463,3527,2575825,658,5291019706,5296796,373,658,1688282,29032,-1,1070,59,15,42,6187,10,25031546,15203,218,232701,74603
202,1374623999999,1374537600000,329,58,327,736,11,69,15167,3910,3990770,675,6028791357,2465813,387,675,2395153,37837,-1,1054,437,68,57,11051,11,27964875,14598,243,164820,83377
203,1374710399999,1374624000000,326,59,326,328,6,68,1006,4877,4043390,674,5293292738,1789248,377,675,2413115,17486,-1,558,21,68,55,6695,5,21217334,5414,174,164999,74803
204,1374796799999,1374710400000,331,34,325,900,5,64,5123,2572,3384226,652,3238032454,1113646,364,652,1693585,16428,-1,514,283,64,34,4137,4,23601589,11142,191,168154,51234
205,1374883199999,1374796800000,330,34,327,1687,8,64,1765,4558,3527020,654,3895898303,2801891,416,656,1777304,12289,-1,627,57,64,34,3622,10,40802387,21413,248,241068,78174
206,1374969599999,1374883200000,326,33,326,1699,9,64,3121,9270,3532286,654,3095359777,1020701,323,654,1782858,18990,-1,280,79,64,33,3076,7,56974666,18717,209,231734,41584
207,1375055999999,1374969600000,327,33,326,468,14,64,4795,4246,3405922,654,3920903811,1255275,425,654,1720331,5459,-1,638,128,64,33,3285,1,19344128,3501,273,169692,48650
208,1375142399999,1375056000000,332,66,329,510,24,64,4833,2328,3302588,657,3665568167,2375544,516,657,1663681,13757,-1,883,130,64,66,2870,5,11890902,13674,224,233427,54685
209,1375228799999,1375142400000,330,33,329,551,7,64,3046,2536,3378855,654,3913991529,2231596,391,654,1704082,17601,-1,599,72,64,33,3100,9,16568422,5372,193,168578,57436
210,1375315199999,1375228800000,331,77,331,315,3,66,1982,3662,3696299,660,3746074036,1912486,389,660,1919172,11398,-1,605,44,64,74,5581,9,20444389,3646,178,231740,60614
211,1375401599999,1375315200000,329,58,328,233,11,70,3562,5886,4337743,676,6612736119,1170718,353,676,2571984,37715,7202633393,511,85,70,58,9809,11,28860876,4634,202,237873,88204
212,1375487999999,1375401600000,329,59,328,927,7,73,4498,3922,4494550,679,5695066307,1975424,365,679,2651646,18679,-1,725,110,71,60,8003,9,25248399,6455,212,171501,61470
213,1375574399999,1375488000000,327,56,327,209,20,72,2658,2005,4455631,676,5248259134,980939,360,676,2631315,31401,-1,463,69,72,56,6766,8,10043801,6565,256,166828,37083
214,1375660799999,1375574400000,327,56,327,189,27,72,3550,2941,4366521,676,6255704869,2744657,388,676,2589824,12749,-1,592,89,72,56,10837,5,12047707,6727,226,168885,45515
215,1375747199999,1375660800000,328,60,327,486,13,73,2031,3083,4242829,676,7946393631,3908052,359,676,2504322,27951,7222048433,770,49,72,59,12947,13,15699164,5586,246,990514,49042
216,1375833599999,1375747200000,342,146,335,301,12,78,1782,4362,4282311,684,6075386118,3483717,387,685,2520197,42488,-1,659,39,77,145,14277,11,21137228,4284,182,168520,64553
217,1375919999999,1375833600000,354,321,352,359,6,73,2373,4546,4329048,700,6785084998,3898689,371,701,2548428,12570,-1,672,55,73,321,12021,10,20360060,6291,207,167018,62847
218,1376006399999,1375920000000,353,314,350,1013,5,83,1955,4354,4478967,700,6062743651,1668794,374,700,2620637,5966,-1,824,45,83,313,13831,4,28718079,12106,219,167243,69618
219,1376092799999,1376006400000,346,256,345,372,8,78,1619,1555,4614778,695,5727026080,1402496,329,695,2692114,17819,-1,401,33,78,256,12604,7,9703148,4090,184,167448,31939
220,1376179199999,1376092800000,350,310,350,596,15,73,7949,1372,4585149,700,5469042465,1226419,350,700,2678633,10875,-1,384,205,73,310,13360,7,7385233,8335,257,197947,23178
221,1376265599999,1376179200000,346,277,346,130,18,73,3946,1590,4364132,696,6587252468,1090706,407,696,2573412,11489,-1,365,100,73,277,11616,2,6382734,1465,184,171435,33857
222,1376351999999,1376265600000,349,271,348,524,4,78,2473,2928,4285207,695,6346492196,3029734,378,697,2526971,5062,-1,745,55,78,269,14430,9,19219935,10985,249,254247,57667
223,1376438399999,1376352000000,351,312,351,680,11,73,1927,3638,4419503,701,6007614223,1971412,337,701,2588608,32333,-1,591,46,73,312,12895,9,24528633,7113,338,182352,67644
224,1376524799999,1376438400000,350,292,348,216,7,73,1091,2651,4529768,697,5897100938,1395315,191,697,2614541,16514,-1,509,22,73,292,13265,13,14530840,4902,232,174594,52641
225,1376611199999,1376524800000,347,274,347,393,9,73,1050,3591,4579403,697,5962213874,1730926,87,697,2654030,23450,-1,552,21,73,270,11295,12,19797705,6112,177,167216,60844
226,1376697599999,1376611200000,329,62,329,776,15,73,3356,2884,4600998,680,6174604271,1841675,157,682,2667873,33408,-1,622,84,73,62,10651,30,18377997,11617,213,167613,66716
227,1376783999999,1376697600000,327,60,327,327,3,73,2082,2299,4526710,680,5765637484,874005,43,680,2631972,10744,-1,237,57,73,60,10653,29,12247158,10166,220,196455,26837
228,1376870399999,1376784000000,325,68,325,98,9,73,2587,2859,4341387,660,1211428050,719501,57,660,2551972,15758,-1,292,75,73,68,10102,8,10790694,3221,243,215184,36034
229,1376956799999,1376870400000,345,67,342,324,6,73,1012,4544,4927716,685,2315705596,3916245,77,685,2850366,13395,-1,551,28,73,66,10837,22,18391509,6835,229,176149,51851
230,1377043199999,1376956800000,330,62,328,483,11,74,1001,9427,4372471,680,2071383714,3550605,117,681,2578424,18162,-1,540,25,73,62,11703,14,34936614,7960,396,190785,84828
231,1377129599999,1377043200000,328,65,328,862,101,74,2686,4329,4424820,678,1926554180,2101537,132,678,2601228,198236,-1,886,62,74,64,11418,8,21463184,13234,438,176465,76188
232,1377215999999,1377129600000,329,63,327,280,19,74,1788,3563,4667222,678,3542148049,2313368,146,678,2641699,38079,-1,726,46,74,63,15569,15,17298094,3978,331,145996,60554
233,1377302399999,1377216000000,345,219,341,310,161,79,11145,3468,4755392,694,10460514279,2065807,84,694,2718612,292847,-1,751,311,79,218,22708,19,23516422,6866,206,140430,62074
234,1377388799999,1377302400000,346,272,346,222,3,74,3818,1711,4489908,700,6641470732,1122537,50,701,2668872,2447,-1,325,90,74,272,15266,23,9620731,5212,274,327648,37707
235,1377475199999,1377388800000,339,291,339,600,7,74,1379,1988,3996707,699,7169850777,1393512,66,699,2402074,17946,-1,301,28,74,291,13799,5,11463920,5004,278,207867,26936
236,1377561599999,1377475200000,332,151,333,435,5,74,1015,3542,4120695,683,7749458797,1763676,83,683,2499826,18360,-1,585,25,74,151,9910,15,19164556,4334,520,419119,65614
237,1377647999999,1377561600000,351,317,347,617,37,75,2075,3324,3986222,694,9371594567,2444962,416,694,2431856,47598,-1,783,57,74,316,16875,11,19369558,8015,416,217604,76394
238,1377734399999,1377648000000,353,307,350,249,28,74,1857,4194,4209236,703,10782955717,1928406,408,704,2526656,33419,-1,653,47,74,307,14453,547,23537785,9112,364,216369,77934
239,1377820799999,1377734400000,349,317,349,1102,9,74,1957,3544,4398526,702,8713584165,2239630,349,702,2599091,22857,-1,614,41,74,317,14482,297,24459479,15971,336,187968,66815
240,1377907199999,1377820800000,348,297,347,353,7,79,1911,3296,4493428,700,17069970410,3646290,381,700,2648613,21337,-1,636,41,79,296,14331,1186,15694414,8339,317,176667,58023
241,1377993599999,1377907200000,328,100,328,325,3,74,779,2145,4395592,680,16028878569,1097885,327,680,2599748,6791,-1,265,16,74,97,13385,2963,18309907,3020,315,172858,37135
242,1378079999999,1377993600000,326,64,326,169,10,74,729,1221,4284576,679,14965173371,1522147,325,679,2551523,40262,-1,256,15,74,64,13875,2137,6893806,1851,422,209219,25481
243,1378166399999,1378080000000,320,40,320,426,10,70,529,2358,3229558,646,21136226425,1578149,346,646,1619167,21548,-1,336,11,70,37,13748,1617,9951256,5025,1669,216716,36938
244,1378252799999,1378166400000,332,123,331,398,10,74,1161,4177,4020675,684,35301785436,4040835,377,684,2414467,21944,-1,791,25,74,122,15262,3563,24553561,6920,638,208350,68979
245,1378339199999,1378252800000,336,156,335,621,15,74,870,3065,4197472,689,33313272660,2243685,376,690,2489469,26159,-1,720,18,74,155,16671,1718,19114450,14926,703,197020,53849
246,1378425599999,1378339200000,347,268,347,565,16,74,1268,3420,4403927,697,40486732819,2359009,385,697,2604463,26978,-1,780,29,74,268,14625,1576,18421175,6874,308,183671,66218
247,1378511999999,1378425600000,377,339,373,1363,8,79,650,4446,4607829,704,65788243301,3522225,446,705,2668539,27290,-1,1002,13,79,336,16984,1037,34085497,16028,497,243044,87694
248,1378598399999,1378512000000,371,314,371,226,11,74,1090,2832,4651205,701,77383434308,1940659,376,701,2730363,23618,-1,471,24,74,314,17541,69,16092404,4032,220,310705,51725
249,1378684799999,1378598400000,157,323,157,654,4,74,616,3028,3326517,276,94829029692,1598633,344,276,2069748,6339,-1,438,18,74,323,13978,5,14377298,7370,1439,173630,42129
250,1378771199999,1378684800000,83,303,82,597,12,74,400,3788,2924010,125,108968056149,2071778,397,125,1866925,29438,-1,700,8,74,303,11128,3371,25266136,11218,272,211256,69453
251,1378857599999,1378771200000,93,335,92,850,11,74,700,6425,2928027,126,121882637760,4086381,412,127,1870297,18122,-1,827,14,74,333,15035,2714,33574671,12001,644,411865,108606
252,1378943999999,1378857600000,279,269,280,265,12,74,753,3623,3898947,547,135153913066,3350289,537,547,2357522,38269,-1,661,16,74,269,15201,2882,21306382,6700,307,190702,67621
253,1379030399999,1378944000000,383,356,385,503,12,74,1108,7036,4431952,701,43991407688,3772901,426,701,2615765,36482,-1,831,23,74,356,13539,104,34168496,7774,727,295417,116070
254,1379116799999,1379030400000,375,349,373,375,8,79,550,6416,5407217,704,43756998112,2629561,470,706,2684695,34859,-1,667,11,79,348,16147,2276,30119392,6701,300,189856,85644
255,1379203199999,1379116800000,373,318,374,632,9,74,729,2972,3746796,703,31910860786,2211462,599,703,2690777,39976,-1,388,15,74,318,13974,1374,15788148,7984,202,174633,39577
256,1379289599999,1379203200000,370,316,370,756,10,74,400,2360,4436844,700,31951340682,1640620,579,702,2623893,32387,-1,475,8,74,316,12838,6,14551078,8350,195,172100,36463
257,1379375999999,1379289600000,353,195,348,775,14,74,829,5023,4258313,690,31592293479,9110589,1049,690,2530869,44365,-1,741,17,74,195,15362,29,31246157,10858,422,291590,99531
258,1379462399999,1379376000000,380,395,377,500,16,74,729,4215,4743713,714,31471565848,3667806,666,716,2807139,28183,-1,838,15,74,393,13333,20,31075862,7703,257,184675,101293
259,1379548799999,1379462400000,372,331,369,383,6,15,600,4304,3818719,703,25941367052,3731567,620,704,2311435,19147,-1,779,12,15,329,16543,33,25257360,5771,265,215665,73831
260,1379635199999,1379548800000,337,123,336,366,10,74,779,4066,4502026,688,28660526710,1449153,587,688,2652433,34383,-1,483,16,74,123,14562,27,22992184,8610,201,177856,67632
261,1379721599999,1379635200000,371,328,371,502,40,79,1108,2588,4689759,703,6239054662,1766644,582,703,2748884,156176,-1,504,23,79,328,15040,15,17490791,9933,292,201398,50034
262,1379807999999,1379721600000,369,317,369,150,11,74,896,3506,4593255,700,6095123277,1151739,633,700,2702273,39684,-1,358,19,74,317,17675,10,19017403,3023,72,41699,62097
263,1379894399999,1379808000000,343,292,343,196,2,74,350,2427,4356955,656,6659244981,958307,502,656,2585679,6973,-1,267,7,74,292,10735,20,12012332,5733,189,177506,28277
264,1379980799999,1379894400000,331,74,328,393,6,74,1487,2497,4361544,685,3136795787,1601598,611,687,2586535,17139,-1,566,31,74,74,16587,33,15189609,4733,252,209452,48803
265,1380067199999,1379980800000,332,75,330,315,14,74,1318,5258,5285170,686,8824157313,1805209,614,686,3287982,34714,-1,569,38,74,75,60537,28,21434420,9169,548,324403,65683
266,1380153599999,1380067200000,364,327,363,461,17,76,5598,4674,5330875,707,5871346444,2547703,618,707,3072772,50132,-1,673,146,75,327,41428,49,25826460,10543,293,216222,79085
267,1380239999999,1380153600000,375,324,374,417,8,75,4162,7440,4627906,705,6003232079,2729984,660,705,2720515,19737,-1,815,97,75,321,55845,23,34095934,7191,263,227647,96463
268,1380326399999,1380240000000,374,308,373,463,20,75,2074,3752,4683756,705,5521309069,2532061,607,705,2748605,53721,-1,732,52,75,309,43460,50,20972092,5820,241,191856,58993
269,1380412799999,1380326400000,373,310,373,436,11,75,3742,3203,4596764,704,5592171259,1089162,611,705,2708727,28882,-1,543,102,75,310,43092,16,13902001,3682,124,86788,51456
270,1380499199999,1380412800000,366,275,366,187,19,75,7468,1900,4391356,699,7018441595,1365828,623,700,2605439,39337,-1,306,178,75,274,24466,25,10132693,4059,171,164478,33492
271,1380585599999,1380499200000,366,289,366,608,21,5,979,3155,2855131,625,5280505928,2384979,659,625,1838317,58715,-1,821,20,5,288,24058,10,17995542,6694,844,824345,65233
272,1380671999999,1380585600000,398,295,392,418,31,70,979,3119,3627945,680,3431917153,3124030,661,680,1784748,61364,-1,1016,20,70,294,21803,3,17973288,6111,484,472871,73567
273,1380758399999,1380672000000,391,266,389,1106,28,75,844,11253,4477022,697,6605240257,3809854,696,697,2650074,70148,-1,1193,19,75,265,24295,10,57186131,15133,391,347879,610603
274,1380844799999,1380758400000,412,384,406,1593,23,75,1099,5121,4712778,709,6629702928,3279974,662,709,2764988,32208,-1,1271,23,75,376,31999,12,29994829,23922,265,239564,66567
275,1380931199999,1380844800000,399,334,391,1015,9,75,1777,4062,4775676,698,6856055648,6776211,662,700,2799078,31093,-1,1087,41,75,330,26995,24,23819564,9931,280,227613,103915
276,1381017599999,1380931200000,394,333,394,419,7,75,600,3529,4712045,704,6017644293,2630888,636,704,2769651,22956,-1,617,12,75,333,33175,11,17169444,4910,214,199596,39756
277,1381103999999,1381017600000,387,277,387,781,5,75,1332,2250,4515357,697,6876863666,5678331,643,697,2674544,18594,-1,460,31,75,277,26012,13,9608459,4267,210,189958,32376
278,1381190399999,1381104000000,388,266,388,792,11,75,550,3149,4316841,698,5876593204,3763333,675,698,2570633,38621,-1,898,11,75,266,33268,18,18678684,6359,247,208441,57076
279,1381276799999,1381190400000,373,241,372,495,14,75,929,6001,4412976,697,5982012371,3235103,685,697,2615779,17852,-1,959,19,75,241,31126,30,31586815,10443,264,225754,86367
280,1381363199999,1381276800000,397,339,389,660,22,75,935,4873,4555588,708,5908951772,2828107,694,710,2680241,57859,-1,1089,20,75,339,32017,17,22473277,6150,212,223461,81769
281,1381449599999,1381363200000,366,309,363,649,9,7,1131,5835,4677986,692,5064850893,1882510,724,692,2133072,22796,-1,798,24,7,309,30559,26,26244581,12994,233,208610,64078
282,1381535999999,1381449600000,157,341,152,1000,15,70,8558,4883,2818985,254,2931248213,2465530,660,255,1096352,53209,-1,681,233,70,341,23705,39,22772789,8724,264,197566,67346
283,1381622399999,1381536000000,300,316,303,827,13,70,789,2998,3419841,538,2587571435,2679581,706,538,1781163,23387,7761017584,488,17,70,316,28861,18,14272078,7255,234,204428,53811
284,1381708799999,1381622400000,326,56,326,482,12,70,829,1974,3763105,663,3686476673,3647312,537,664,1880331,36209,7760861936,438,17,70,56,21421,10,9849711,5088,253,195782,33095
285,1381795199999,1381708800000,331,63,332,597,10,70,2029,2483,3520912,664,3300520642,1394204,384,664,1759113,24295,7760403184,787,41,70,62,23487,20,17445550,7238,152,135815,50056
286,1381881599999,1381795200000,328,68,328,1002,15,71,1329,4762,3480431,665,4068610453,4620106,455,665,1736668,53880,7760468720,991,27,70,68,18975,11,28226799,14863,296,227955,78235
287,1381967999999,1381881600000,352,155,348,1348,20,70,500,3795,3436870,654,2482705263,2079036,390,655,1326556,59225,7761804016,748,10,70,155,17197,11,31141889,18808,289,203583,58910
288,1382054399999,1381968000000,350,322,353,1592,22,71,1079,4050,3443376,682,2854608307,2694459,395,682,1908500,55258,7761754864,984,22,71,322,17561,21,26230790,16254,506,298620,57679
289,1382140799999,1382054400000,352,320,352,817,9,72,3356,4905,4201156,688,3566981841,3095799,513,689,2020439,23709,7787453168,1051,98,71,320,37662,17,28882443,13323,318,215994,83463
290,1382227199999,1382140800000,348,287,348,392,9,72,5640,2180,3973291,686,3636228049,3000086,413,686,1963609,27147,7787166448,811,133,72,287,54925,22,12098317,5951,294,182937,48183
291,1382313599999,1382227200000,335,276,335,760,19,72,4842,1640,3670279,663,3508535717,1233615,360,665,1814288,52992,7783447280,430,108,72,276,17615,10,11101289,5681,193,170716,36940
292,1382399999999,1382313600000,346,256,346,771,12,73,4909,3254,3587057,684,2680651608,1829365,429,684,1771301,32762,7783545584,799,103,72,255,12289,11,21760247,6941,107,60677,75256
293,1382486399999,1382400000000,355,277,354,1166,14,75,7169,6991,3580182,675,2403279268,2624631,433,675,1767927,31885,7781849840,1100,166,73,277,12336,6,35876761,15951,206,130517,92652
294,1382572799999,1382486400000,412,348,409,758,26,77,22916,2959,3653736,687,3645095804,2892768,514,687,1802835,54965,7783357168,807,619,76,347,13949,9,16745388,9860,292,211809,59022
295,1382659199999,1382572800000,414,351,411,878,20,75,22164,3304,3987945,687,3857768732,1910486,452,689,1945299,39037,7784315632,915,542,75,349,12621,3,20036161,11218,334,247026,65708
296,1382745599999,1382659200000,412,374,412,494,35,75,19093,3457,3960362,689,4662858810,2316627,470,690,1986549,54931,7787535088,695,507,75,371,9318,9,18681201,10606,304,184093,60002
297,1382831999999,1382745600000,412,381,412,682,33,75,15939,2057,3860909,690,2521612357,1987153,421,690,1934630,39891,7792179952,374,375,75,381,8625,3,16037456,9193,69,19374,35784
298,1382918399999,1382832000000,384,283,384,488,30,75,16456,1786,3705830,683,2515974458,1826884,488,683,1857941,36027,7792016112,504,386,75,283,8515,7,10693274,5074,306,175437,29244
299,1383004799999,1382918400000,417,359,409,879,36,75,15273,5177,3634057,688,4793765428,5060391,711,689,1815175,61043,7791344368,972,358,75,357,7334,14,31144278,10392,227,66048,74305
300,1383091199999,1383004800000,409,369,409,908,51,75,15763,5493,3715527,690,4841465401,8072715,1613,690,1859504,75402,7791573744,1390,375,75,369,13912,9,27993304,12839,368,188274,93880
301,1383177599999,1383091200000,414,344,412,1109,37,75,13894,5589,3848767,692,3355678297,3250266,859,695,1925394,63045,7793015536,1096,324,75,342,11825,8,32572206,16566,244,180269,82060
302,1383263999999,1383177600000,409,318,408,1300,42,75,14051,4139,4054910,684,3106085585,3168503,825,684,2021423,82795,7793982192,882,334,75,318,8859,7,20916711,18449,237,196526,60376
303,1383350399999,1383264000000,407,287,405,427,38,75,16022,3347,4132680,682,2773970516,4922734,804,693,2066156,70554,7800666864,640,394,75,285,10703,7,17078601,4768,264,187120,47463
304,1383436799999,1383350400000,398,326,397,1132,44,75,12744,3079,3969130,671,3405961926,2586925,755,673,1982234,36977,7801248496,490,313,75,326,5691,8,20136638,9407,196,171633,46220
305,1383523199999,1383436800000,387,346,386,1274,45,75,16634,4905,3622759,652,3133167832,2212219,830,653,1808672,46156,7801051888,444,435,75,346,8523,10,20322242,9441,237,179736,41379
306,1383609599999,1383523200000,420,339,417,2720,31,75,16121,4116,3698446,699,3868886566,3373834,857,699,1843769,64472,7800609520,1272,399,75,338,9750,5,31636563,18862,251,173582,67918
307,1383695999999,1383609600000,417,373,415,4132,41,75,12384,5991,3789150,693,2498124707,3487717,823,693,1888570,43337,7801068272,1684,319,75,373,8732,7,41622602,27472,241,174730,81326
308,1383782399999,1383696000000,399,336,397,2986,23,78,12734,4443,3874461,691,4292235172,5077785,787,691,1934224,62523,7802682096,1509,325,75,335,8168,8,29610933,24981,266,189947,67827
309,1383868799999,1383782400000,414,374,413,1240,22,78,13899,5542,4037895,693,3200705762,3285992,803,693,2011486,54050,7803452144,790,355,78,374,7795,4,28215541,14800,850,590219,89316
310,1383955199999,1383868800000,417,386,415,786,39,79,13655,3542,4157435,694,4384307151,5863456,715,696,2073860,85281,7805606640,968,344,78,385,9952,11,24203181,13317,860,611229,73146
311,1384041599999,1383955200000,413,385,413,325,13,78,12846,2037,4054307,690,2632397712,1597499,478,690,2023198,18059,7807195888,441,340,78,385,7127,-1,14989147,9122,497,420664,50409
312,1384127999999,1384041600000,170,373,169,336,21,78,12971,2599,2504125,205,3878961767,1757131,475,205,1243573,46682,7807417072,424,352,78,373,5871,6,12596200,4351,417,287007,41694
313,1384214399999,1384128000000,88,246,88,1177,17,78,17934,2736,2220133,108,4124357818,3981817,548,108,1103752,15678,7807720176,711,506,78,246,8071,1,20550189,5364,153,103530,47930
314,1384300799999,1384214400000,118,376,117,921,22,78,12389,5154,2235623,118,2796487355,4404588,683,119,1112908,40402,7807834864,846,344,78,376,9438,1,35181344,14199,344,224195,75149
315,1384387199999,1384300800000,292,298,287,410,13,2,12100,3950,2321913,578,3144759454,2683702,682,578,869666,10749,7807933168,693,329,2,298,8212,11,19579044,9461,339,228195,65807
316,1384473599999,1384387200000,347,321,351,608,17,78,13208,6265,3656590,694,4555297521,5137954,720,695,1982838,29268,7808482032,932,362,78,321,11169,9,34914479,10694,309,1116549,127115
317,1384559999999,1384473600000,355,314,350,364,22,78,10948,2648,4209895,694,4387163083,3428603,653,694,2100301,27342,7809391344,537,305,78,312,11262,9,15571505,5518,311,4987324,37463
318,1384646399999,1384560000000,351,321,351,249,11,78,12299,2592,4208538,695,2844048885,2088131,652,695,2104021,19445,7809932016,245,341,78,321,8667,7,11541734,4312,212,214487,39494
319,1384732799999,1384646400000,346,322,345,494,14,78,13734,2572,3953397,683,3047119690,3991628,686,683,1977630,40061,7809465072,297,387,78,321,10336,9,10228833,3505,188,175737,27506
320,1384819199999,1384732800000,355,325,352,347,16,79,13046,4247,3798541,697,3019165141,3113603,677,696,1871581,40995,7809415920,650,369,78,321,10248,1,24100058,6526,263,185234,75083
321,1384905599999,1384819200000,353,322,351,365,15,79,13532,3976,3703612,695,3429243524,3520068,665,695,1850981,33405,7810267888,855,382,79,324,11232,6,21201965,7363,247,208417,57319
322,1384991999999,1384905600000,369,364,367,1146,13,87,12880,4266,4874040,693,2430294849,3387362,737,694,1832241,40128,7810521840,1040,370,79,343,12242,7,35195803,23536,523,179101,146075
323,1385078399999,1384992000000,414,460,415,561,33,89,13273,6383,4457903,730,4598217488,3058332,833,729,2802226,81174,8008833776,1253,377,87,443,11026,7,37765274,10650,758,176974,114082
324,1385164799999,1385078400000,404,356,398,1733,20,9,14265,6325,4349507,677,6767126003,6449510,956,677,1284183,36903,8009333488,2319,423,4,346,10563,11,40438180,22047,486,175441,105779
325,1385251199999,1385164800000,408,429,413,304,12,88,20126,3001,3608060,693,5749346873,4053614,817,693,2028419,10485,8013994736,933,565,88,429,7169,5,14554912,6120,401,176319,57552
326,1385337599999,1385251200000,414,429,414,222,13,88,18459,6319,3948584,695,2478814971,2091098,700,695,1975197,44876,8013290224,306,513,88,429,7841,6,17202532,5183,183,26760,41308
327,1385423999999,1385337600000,417,432,414,719,21,92,28210,3557,3714590,695,3551118592,3876440,706,695,1854402,49699,8014297840,1003,784,88,429,9530,9,22971614,8649,275,134921,66357
328,1385510399999,1385424000000,413,432,411,478,6,90,21758,5305,3757316,691,6065662650,2630814,734,691,1874066,15431,8014904048,904,617,90,430,9153,14,27639706,6721,453,353686,85330
329,1385596799999,1385510400000,415,431,412,855,17,90,19786,4242,3855079,691,3854248083,2955054,693,691,1920048,28306,8025299696,1179,576,90,430,7260,9,35218220,17280,515,408108,116107
330,1385683199999,1385596800000,397,243,397,1087,14,90,20924,1303,3893130,678,3230399572,2818281,637,678,1943931,32307,8030329584,310,607,90,243,3558,2,9032859,4305,469,392875,25071
331,1385769599999,1385683200000,400,386,400,288,16,90,21257,603,3785146,692,2581489743,2340279,620,692,1892588,21391,8036563696,200,606,90,386,8612,5,4100343,2397,237,199423,11513
332,1385855999999,1385769600000,326,102,326,247,13,90,24900,3214,3548343,671,2976126794,3101040,665,671,1775142,17407,8041896688,298,698,90,102,5820,9,15230591,4058,316,266071,37039
333,1385942399999,1385856000000,367,233,367,881,18,90,23491,1120,3268660,680,2422357589,1410141,617,680,1637872,24713,8036662000,224,672,90,233,5286,2,8652515,11833,340,301002,17340
334,1386028799999,1385942400000,414,430,414,369,12,90,23410,3738,3184506,695,3364198993,3885879,717,695,1590020,27939,8039488240,684,678,90,430,9100,5,22886789,7789,223,197347,68490
335,1386115199999,1386028800000,365,486,364,600,18,90,25108,6474,4584322,614,5563642230,5350396,757,635,2125718,42340,8058567408,1118,712,90,409,11345,5,35689689,12674,427,386673,129259
336,1386201599999,1386115200000,62,367,62,679,18,94,23765,3018,2212301,119,18411672399,24681873,854,119,1112936,37374,8060435184,917,708,91,366,8498,3,18381958,7708,860,23030572,66892
337,1386287999999,1386201600000,119,425,119,541,45,97,23100,4846,2113382,119,3932986084,4371126,870,119,1061161,81427,8065473264,985,676,94,425,8767,1,26767610,10467,240,178520,73820
338,1386374399999,1386288000000,155,433,155,488,36,95,20746,5581,2340834,200,3463560076,4015301,1128,201,1171130,70777,8069413616,696,589,95,431,9959,2,30643623,10035,481,298099,65441
339,1386460799999,1386374400000,408,418,408,284,35,95,24083,2163,3645369,690,2395085735,4157625,992,690,1827908,69189,8071396080,322,707,95,418,6667,1,9935074,5479,290,222981,32636
340,1386547199999,1386460800000,409,421,408,363,44,90,23628,2688,3379477,695,4755400735,5472005,888,695,1622237,76157,8071527152,435,692,90,421,6845,3,12590291,3278,281,195426,39722
341,1386633599999,1386547200000,416,565,414,660,54,95,31432,4790,4287050,695,4981395383,5725383,868,731,2186802,100350,8074509040,798,907,95,429,5871,2,26193667,12476,2036,1849735,65398
342,1386719999999,1386633600000,349,381,348,1829,42,98,18952,5064,3337106,693,5491885595,6489258,951,702,1670873,91147,8076081904,896,578,98,347,6698,4,30279167,12476,2096,2027882,79733
343,1386806399999,1386720000000,386,399,387,689,57,96,22390,4303,4014124,694,3776388188,4409025,905,694,2298456,117141,8078899952,771,675,95,397,5271,1,21663945,10273,384,270226,63865
344,1386892799999,1386806400000,414,439,416,1006,25,98,23203,4426,3521127,696,4092483669,5228760,820,697,1757700,49678,8080456432,882,765,95,436,5717,5,34404617,14269,250,230569,58284
345,1386979199999,1386892800000,446,472,446,1233,27,96,21172,2904,3679461,697,3764540812,4583615,755,699,1836357,56408,8083503856,1186,688,95,468,9713,4,26301804,11535,242,228532,47879
346,1387065599999,1386979200000,447,470,447,213,36,95,24251,1925,3633107,697,2023252257,2714518,696,697,1817628,60332,8084880112,436,790,95,470,6478,-1,9866799,6077,313,237060,30637
347,1387151999999,1387065600000,422,407,422,361,23,95,22014,1702,3250586,690,2992924895,2610672,693,690,1624996,39873,8085084912,270,713,95,407,4045,-1,8082230,6044,278,245223,21795
348,1387238399999,1387152000000,355,150,343,1297,30,109,21967,3373,3338925,675,4052189967,2302299,717,675,1667719,40223,8161094040,1147,716,109,147,4661,2,24977459,9890,501,154940,58033
349,1387324799999,1387238400000,454,493,446,2096,34,112,20524,3413,3345414,693,2288047484,3888892,715,697,1671604,84036,8168008088,1736,696,107,480,4800,2,37719663,28832,264,221248,49210
350,1387411199999,1387324800000,450,497,447,1082,16,124,22619,5243,3408649,697,2573322851,2262277,660,701,1700671,23564,8169187736,1082,750,106,480,4045,1,34811788,18461,524,66616,68035
351,1387497599999,1387411200000,447,480,445,899,26,111,16162,3372,3617858,694,4428054906,4089418,651,695,1778908,32242,8170670488,832,539,110,479,3963,3,24616142,22402,657,296075,52547
352,1387583999999,1387497600000,442,477,441,252,14,110,8596,3797,3369090,689,3376973572,2881368,601,689,1681199,44617,8171809176,522,291,110,477,4967,1,18431476,9317,569,278207,51155
353,1387670399999,1387584000000,448,478,448,73,14,110,11437,824,3549104,697,2905628339,2230800,571,697,1778920,34429,8173087128,181,390,110,478,2187,1,5789725,1910,325,242009,15797
354,1387756799999,1387670400000,381,430,381,169,28,110,10132,1018,3178164,602,2441424324,777775,493,602,1587849,51445,8171686296,335,321,110,430,2208,-1,10446307,2988,220,212824,28429
355,1387843199999,1387756800000,448,483,447,551,48,118,19646,1775,3342325,698,2889338923,1927311,597,700,1669192,154810,8172259736,789,606,111,480,6380,2,19347771,11014,213,174325,41180
356,1387929599999,1387843200000,448,473,445,887,38,10,11771,2463,3585454,697,2466940511,1275796,545,697,1464566,94454,8206535064,911,405,9,472,9486,1,21543149,14186,59,45578,44727
357,1388015999999,1387929600000,443,471,446,581,37,116,13195,981,2862884,696,2340494874,1332476,528,696,1610576,80173,8206092696,124,436,116,471,10893,-1,6173819,4462,190,171327,10091
358,1388102399999,1388016000000,419,404,419,179,29,116,16426,3990,3092296,692,2993438891,1747289,609,692,1544803,77803,8206576024,575,526,116,404,9570,2,11962858,2962,218,183912,46073
359,1388188799999,1388102400000,373,258,373,266,31,116,14302,2616,3124348,682,5783158935,7532706,596,682,1560469,84529,8206264728,704,462,116,258,9830,-1,12817470,5016,284,1092374,52149
360,1388275199999,1388188800000,445,482,445,801,38,116,10253,1833,3129388,693,2954641456,2508418,558,693,1562949,85030,8207165848,408,313,116,482,9330,-1,10591614,7697,265,173659,25612
361,1388361599999,1388275200000,404,412,404,67,39,116,9594,1917,3133411,667,2194903342,1261959,531,667,1563787,94084,8208009624,131,292,116,412,5378,-1,7676661,2038,93,50242,21854
362,1388447999999,1388361600000,424,366,424,902,41,-1,9472,2748,1849037,607,1490973602,1841159,563,607,922274,102739,8202078616,576,300,-1,366,5724,2,15065697,9170,294,193934,48437
363,1388534399999,1388448000000,424,365,424,527,42,-1,9883,2199,1940991,608,1722635922,2909145,577,608,965886,113901,8205511064,316,304,-1,365,4881,-1,12855250,7659,208,176211,32304
364,1388620799999,1388534400000,423,366,423,127,31,-1,10412,1238,1818965,604,1140675071,1232413,590,604,913029,81207,8205183384,146,318,-1,366,4579,-1,6170765,3014,212,174829,20298
